author_name,appears_in,affiliation,author_id
Yiming Li,W3042368254;W3133575190;W3093403688,Tsinghua–Berkeley Shenzhen Institute,https://openalex.org/A5100346332
Yong Jiang,W3042368254;W3133575190;W3093403688,Tsinghua–Berkeley Shenzhen Institute,https://openalex.org/A5101626204
Zhifeng Li,W3042368254,Tencent (China),https://openalex.org/A5100634431
Shu‐Tao Xia,W3042368254;W4386076050;W3133575190;W3093403688;W3200389817,Tsinghua–Berkeley Shenzhen Institute,https://openalex.org/A5034104790
Xingjun Ma,W3111919937;W4378976916;W4386071958;W4385573287;W4285428780;W4413966860;W3121478722;W3119278161;W3123680815;W3121355610;W4395098191,Fudan University,https://openalex.org/A5078711649
Qiang Yang,W3111919937,Hong Kong University of Science and Technology,https://openalex.org/A5100636286
Jie Zhang,W3188772578,University of Science and Technology of China,https://openalex.org/A5100436740
Qidong Huang,W3188772578,University of Science and Technology of China,https://openalex.org/A5058616951
Weiming Zhang,W3188772578;W4308061333,University of Science and Technology of China,https://openalex.org/A5067689180
Huamin Feng,W3188772578,Beijing Electronic Science and Technology Institute,https://openalex.org/A5109860620
Nenghai Yu,W3188772578,University of Science and Technology of China,https://openalex.org/A5064573190
Yu Feng,W4312280786;W3215689752,Northwestern Polytechnical University,https://openalex.org/A5046533227
Benteng Ma,W4312280786;W4407507713;W3215689752,Northwestern Polytechnical University,https://openalex.org/A5060034830
Shanshan Zhao,W4312280786;W3215689752,Jingdong (China),https://openalex.org/A5069429555
Yong Xia,W4312280786;W4407507713;W3215689752,Northwestern Polytechnical University,https://openalex.org/A5100670074
Yuan Yao,W4312569687;W4393158745;W3217308368,Nanjing University,https://openalex.org/A5068643894
Feng Xu,W4312569687;W3217308368,Nanjing University,https://openalex.org/A5071461704
Wenkai Yang,W3167002899;W3173784240;W3207360435;W3159803443;W3213642548,Peking University,https://openalex.org/A5053365003
Lei Li,W3167002899;W3159803443,Peking University,https://openalex.org/A5100440407
Zhiyuan Zhang,W3167002899;W4385573287,Peking University,https://openalex.org/A5015455705
Xuancheng Ren,W3167002899;W3159803443,Peking University,https://openalex.org/A5049239373
Xu Sun,W3167002899;W3173784240,Peking University,https://openalex.org/A5101441137
Bin He,W3167002899;W3159803443,Peking University,https://openalex.org/A5101946076
Wenbo Jiang,W4386083011;W4396982204;W4293812146;W4413786017;W4405741930;W4408352149;W4417073179,University of Electronic Science and Technology of China,https://openalex.org/A5066542952
Hongwei Li,W4386083011;W4396982204;W4293812146;W4413786017;W4405741930;W4408324270;W4407693487;W4414535368;W7129048650;W4417073179,University of Electronic Science and Technology of China,https://openalex.org/A5100325334
Zhendong Zhao,W4312700692,Chinese Academy of Sciences,https://openalex.org/A5041204026
Xiaojun Chen,W4312700692,Chinese Academy of Sciences,https://openalex.org/A5100369438
Yuexin Xuan,W4312700692,Chinese Academy of Sciences,https://openalex.org/A5074107460
Ye Dong,W4312700692,Chinese Academy of Sciences,https://openalex.org/A5101239059
Dakui Wang,W4312700692,Chinese Academy of Sciences,https://openalex.org/A5102783832
Yankai Lin,W3173784240;W3207360435;W3213642548,Tencent (China),https://openalex.org/A5043098453
Jie Zhou,W3173784240;W3207360435,Tencent (China),https://openalex.org/A5100770462
Runkai Zheng,W4313192591,"Chinese University of Hong Kong, Shenzhen",https://openalex.org/A5021347960
Rongjun Tang,W4313192591,"Chinese University of Hong Kong, Shenzhen",https://openalex.org/A5045255048
Xu Sun,W3207360435,Peking University,https://openalex.org/A5006497264
Kuofeng Gao,W4386076050;W3200389817,Tsinghua University,https://openalex.org/A5038862367
Yang Bai,W4386076050,Tencent (China),https://openalex.org/A5044963450
Yong Yang,W4386076050,Tencent (China),https://openalex.org/A5100609598
Yinpeng Dong,W4320736757;W3138646989,Beijing Academy of Artificial Intelligence,https://openalex.org/A5068755794
Jun Zhu,W4320736757;W3138646989,Beijing Academy of Artificial Intelligence,https://openalex.org/A5100686240
Xiaolu Zhang,W4320736757,Zhejiang Financial College,https://openalex.org/A5100746437
Jun Zhou,W4320736757,Zhejiang Financial College,https://openalex.org/A5045140292
Hewang Nie,W4390658962;W7162341703,Huazhong University of Science and Technology,https://openalex.org/A5051783170
Songfeng Lu,W4390658962,Huazhong University of Science and Technology,https://openalex.org/A5048196007
Junjun Wu,W4390658962,Huazhong University of Science and Technology,https://openalex.org/A5100460435
Zhu Jian-xin,W4390658962,Huazhong University of Science and Technology,https://openalex.org/A5100523132
Jiwei Li,W4304091855;W3215700529,Zhejiang University,https://openalex.org/A5100758099
Zaixi Zhang,W4386072159,University of Science and Technology of China,https://openalex.org/A5063733770
Qi Liu,W4386072159,University of Science and Technology of China,https://openalex.org/A5100453144
Zhicai Wang,W4386072159,University of Science and Technology of China,https://openalex.org/A5102971294
Zepu Lu,W4386072159,University of Science and Technology of China,https://openalex.org/A5069950706
Qingyong Hu,W4386072159,Hong Kong University of Science and Technology,https://openalex.org/A5036921959
Shaobo Zhang,W4404418444,Hunan University of Science and Technology,https://openalex.org/A5100657575
Yizhen Pan,W4404418444,Hunan University of Science and Technology,https://openalex.org/A5109521360
Qin Liu,W4404418444,Hunan University,https://openalex.org/A5100432505
Zheng Yan,W4404418444,Xidian University,https://openalex.org/A5078219471
Guojun Wang,W4404418444,Guangzhou University,https://openalex.org/A5100386726
Wenyuan Yang,W4388016531,Sun Yat-sen University,https://openalex.org/A5101619232
Shuo Shao,W4388016531,Zhejiang University,https://openalex.org/A5035753510
Yue Yang,W4388016531,Shanghai Jiao Tong University,https://openalex.org/A5100369313
Ying He,W4388206624,Nanjing University of Science and Technology,https://openalex.org/A5038314969
Zhili Shen,W4388206624,Nanjing University of Science and Technology,https://openalex.org/A5083813347
Jingyu Hua,W4388206624,Nanjing University,https://openalex.org/A5101950654
Qixuan Dong,W4388206624,Nanjing University of Science and Technology,https://openalex.org/A5103257772
Jiacheng Niu,W4388206624,Nanjing University of Science and Technology,https://openalex.org/A5109651929
Wei Tong,W4388206624,Nanjing University,https://openalex.org/A5021538603
Sheng Zhong,W4388206624,Nanjing University,https://openalex.org/A5060268538
Zenghui Yuan,W4386066003,Huazhong University of Science and Technology,https://openalex.org/A5014040279
Pan Zhou,W4386066003,Huazhong University of Science and Technology,https://openalex.org/A5100693197
Xinyu Zhang,W4399374631,Zhejiang University,https://openalex.org/A5100390708
Qingyu Liu,W4399374631,Zhejiang University,
Zhongjie Ba,W4399374631,Zhejiang University,https://openalex.org/A5072485378
Tianhang Zheng,W4399374631;W4285267503,Zhejiang University,https://openalex.org/A5091687257
Feng Lin,W4399374631,Zhejiang University,https://openalex.org/A5078406349
Li Lü,W4399374631,Zhejiang University,https://openalex.org/A5100658678
Kui Ren,W4399374631;W4285267503,Zhejiang University,https://openalex.org/A5105297718
Kaiping Xue,W4383340358,University of Science and Technology of China,https://openalex.org/A5100688242
Tao Zhang,W4400525135,Beijing Jiaotong University,https://openalex.org/A5100375796
Yanli Yuan,W4400525135,Beijing Institute of Technology,https://openalex.org/A5111922675
Weiting Zhang,W4400525135,Beijing Jiaotong University,https://openalex.org/A5076675337
Wenli Sun,W4387623677,Tongji University,https://openalex.org/A5023045741
Xinyang Jiang,W4387623677,Microsoft Research Asia (China),https://openalex.org/A5011424573
Shuguang Dou,W4387623677,Tongji University,https://openalex.org/A5039546706
Dongsheng Li,W4387623677,Microsoft Research Asia (China),https://openalex.org/A5100440920
Duoqian Miao,W4387623677,Tongji University,https://openalex.org/A5024791074
Cheng Deng,W4387623677,Xidian University,https://openalex.org/A5015874725
Cairong Zhao,W4387623677,Tongji University,https://openalex.org/A5064237960
Qingjie Zhang,W4402264291,Tsinghua University,https://openalex.org/A5100750198
Han Qiu,W4402264291;W4293812146;W4390871881;W3215700529,Tsinghua University,https://openalex.org/A5019692903
Yurui Zhu,W4402698356,University of Science and Technology of China,https://openalex.org/A5101183338
Xueyang Fu,W4402698356,University of Science and Technology of China,https://openalex.org/A5079007635
Qibin Sun,W4402698356,University of Science and Technology of China,https://openalex.org/A5102908901
Zheng-Jun Zha,W4402698356,University of Science and Technology of China,https://openalex.org/A5003217535
Yang Bai,W4404056941,Chengdu University of Information Technology,
Gaojie Xing,W4404056941,Chengdu University of Information Technology,https://openalex.org/A5053775539
Hongyan Wu,W4404056941,Chengdu University of Information Technology,
Zhihong Rao,W4404056941,China Electronics Technology Group Corporation,
Chuan Ma,W4404056941,Chongqing University,https://openalex.org/A5103221383
Xiaolei Liu,W4404056941,China Academy of Engineering Physics,https://openalex.org/A5100442739
Yimin Zhou,W4404056941,Chengdu University of Information Technology,
Jiajia Tang,W4404056941,Chengdu University of Information Technology,
Kaijun Huang,W4404056941,Chengdu University of Information Technology,
Jia-Le Kang,W4404056941,Chengdu University of Information Technology,https://openalex.org/A5000846172
Zhuangzhuang Zhang,W4407127070,Wuhan University,https://openalex.org/A5070361846
Libing Wu,W4407127070,Wuhan University,https://openalex.org/A5108047844
Enshu Wang,W4407127070,Wuhan University,https://openalex.org/A5085805626
Bingyi Liu,W4407127070,Wuhan University of Technology,https://openalex.org/A5086581834
Yichen Li,W4410226390,Huazhong University of Science and Technology,https://openalex.org/A5001225785
Haozhao Wang,W4410226390,Huazhong University of Science and Technology,https://openalex.org/A5027119797
Tianzhe Xiao,W4410226390,Huazhong University of Science and Technology,https://openalex.org/A5061171733
Hong Liu,W4410226390,Huazhong University of Science and Technology,https://openalex.org/A5115595829
Minzhu Tu,W4410226390,Beijing University of Posts and Telecommunications,https://openalex.org/A5111880089
Rui Zhang,W4410226390,Huazhong University of Science and Technology,https://openalex.org/A5100422092
Song Guo,W4410226390,Hong Kong University of Science and Technology,https://openalex.org/A5043464306
Ruixuan Li,W4410226390,Huazhong University of Science and Technology,https://openalex.org/A5039670436
Hong Zhu,W4394896797,Chinese Academy of Sciences,https://openalex.org/A5067232865
Yue Zhao,W4394896797,Chinese Academy of Sciences,https://openalex.org/A5100458078
Kai Chen,W4394896797;W4384948583;W4387185380;W4213079900;W4414603391,Chinese Academy of Sciences,https://openalex.org/A5100437976
Ruofei Wang,W4392903451,Civil Aviation University of China,https://openalex.org/A5029875220
Zongyu Guo,W4392903451,Civil Aviation University of China,https://openalex.org/A5019699241
Rui Huang,W4392903451,Civil Aviation University of China,https://openalex.org/A5022571340
Weixuan Tang,W4405097853,Guangzhou University,https://openalex.org/A5103133635
Jiahao Li,W4405097853,Guangzhou University,
Yuan Rao,W4405097853,Guangzhou University,https://openalex.org/A5101423126
Zhili Zhou,W4405097853,Guangzhou University,https://openalex.org/A5089418255
Fei Peng,W4405097853,Guangzhou University,https://openalex.org/A5049120636
Yu Feng,W4407507713,Northwestern Polytechnical University,
Yanning Zhang,W4407507713,Northwestern Polytechnical University,https://openalex.org/A5028235866
Jianhao Ding,W4416359059,Peking University,https://openalex.org/A5030879654
Zhaofei Yu,W4416359059,Peking University,https://openalex.org/A5048087489
Tiejun Huang,W4416359059,Peking University,https://openalex.org/A5058066577
Shengshan Hu,W4304099366;W4412748153,Huazhong University of Science and Technology,https://openalex.org/A5081287468
Ziqi Zhou,W4304099366,Huazhong University of Science and Technology,https://openalex.org/A5089387872
Yechao Zhang,W4304099366,Huazhong University of Science and Technology,https://openalex.org/A5056377873
Yifeng Zheng,W4304099366,Harbin Institute of Technology,https://openalex.org/A5017426295
Yuanyuan He,W4304099366,Huazhong University of Science and Technology,https://openalex.org/A5100739224
Hai Jin,W4304099366,Huazhong University of Science and Technology,https://openalex.org/A5022262922
Mingfu Xue,W4223940398;W3156790900;W4388838066,Nanjing University of Aeronautics and Astronautics,https://openalex.org/A5022068526
Can He,W4223940398;W3156790900,Nanjing University of Aeronautics and Astronautics,https://openalex.org/A5102943054
Yinghao Wu,W4223940398,Nanjing University of Aeronautics and Astronautics,https://openalex.org/A5024861014
Shichang Sun,W4223940398;W3156790900,Nanjing University of Aeronautics and Astronautics,https://openalex.org/A5005224500
Yushu Zhang,W4223940398;W4388838066,Nanjing University of Aeronautics and Astronautics,https://openalex.org/A5085698418
Jian Wang,W4223940398;W3156790900,Nanjing University of Aeronautics and Astronautics,https://openalex.org/A5100370498
Weiqiang Liu,W4223940398;W3156790900;W4388838066,Nanjing University of Aeronautics and Astronautics,https://openalex.org/A5023734605
Jun Xia,W4285601739;W4387968618,East China Normal University,https://openalex.org/A5081669284
Ting Wang,W4285601739;W4387968618;W3217308368;W3113251160,East China Normal University,https://openalex.org/A5067164243
Jiepin Ding,W4285601739,East China Normal University,https://openalex.org/A5025619718
Xian Wei,W4285601739;W4387968618,East China Normal University,https://openalex.org/A5030210439
Mingsong Chen,W4285601739;W4416549605;W4387968618,Tongji University,https://openalex.org/A5025413633
Pengfei Xia,W4226313456;W4285602113;W4403094518;W4412625426;W3211646155,University of Science and Technology of China,https://openalex.org/A5049847547
Hongjing Niu,W4226313456;W3211646155,University of Science and Technology of China,https://openalex.org/A5056229595
Ziqiang Li,W4226313456;W4285602113;W4403094518;W4412625426;W3211646155,University of Science and Technology of China,https://openalex.org/A5100757234
Bin Li,W4226313456;W4285602113;W4403094518,University of Science and Technology of China,https://openalex.org/A5100365157
Jianbin Ye,W4281645443,National University of Defense Technology,https://openalex.org/A5015924721
Xiaoyuan Liu,W4281645443,National University of Defense Technology,https://openalex.org/A5100605609
Guowei Li,W4281645443,National University of Defense Technology,https://openalex.org/A5087791868
Bo Liu,W4281645443,National University of Defense Technology,https://openalex.org/A5050900731
Zhenzhu Chen,W4285233920;W7168569711,Nanjing University of Science and Technology,https://openalex.org/A5000833104
Shang Wang,W4285233920,Nanjing University of Science and Technology,https://openalex.org/A5100346376
Anmin Fu,W4285233920;W4390577972;W4405183017;W3044223678;W4386880702;W7168569711,Nanjing University of Information Science and Technology,https://openalex.org/A5048592388
Yansong Gao,W4285233920,Nanjing University of Science and Technology,https://openalex.org/A5101863680
Ruitao Hou,W4226322346;W4376139366,Guangzhou University,https://openalex.org/A5036757740
Shan Ai,W4226322346,Guangzhou University,https://openalex.org/A5006616888
Qi Chen,W4226322346,Guangzhou University,https://openalex.org/A5100340130
Hongyang Yan,W4226322346;W4416252102,Guangzhou University,https://openalex.org/A5111123738
Teng Huang,W4226322346,Guangzhou University,https://openalex.org/A5101424450
Kongyang Chen,W4226322346;W4226394973;W3212763423,Guangzhou University,https://openalex.org/A5075512625
Yajie Wang,W4226394973,Beijing Institute of Technology,https://openalex.org/A5100455413
Yu‐an Tan,W4226394973,Beijing Institute of Technology,https://openalex.org/A5003198271
Shuxin Huang,W4226394973,Beijing Institute of Technology,https://openalex.org/A5070424852
Wencong Ma,W4226394973,Beijing Institute of Technology,https://openalex.org/A5074461054
Yuanzhang Li,W4226394973,Beijing Institute of Technology,https://openalex.org/A5026287089
Wei Zhang,W4285602113,University of Science and Technology of China,https://openalex.org/A5100441817
Mengnan Zhao,W4285267503,Dalian University of Technology,https://openalex.org/A5027718772
Bo Wang,W4285267503,Dalian University of Technology,https://openalex.org/A5053298425
Wei Wang,W4285267503,Chinese Academy of Sciences,https://openalex.org/A5100757829
Yuqiu Kong,W4285267503,Dalian University of Technology,https://openalex.org/A5065172324
Sungwon Han,W4390874351,Korea Advanced Institute of Science and Technology,https://openalex.org/A5030123507
Sungwon Park,W4390874351,Korea Advanced Institute of Science and Technology,https://openalex.org/A5100735922
Fangzhao Wu,W4390874351,Microsoft Research Asia (China),https://openalex.org/A5076423724
Bin Zhu,W4390874351,Microsoft Research Asia (China),https://openalex.org/A5081758219
Xing Xie,W4390874351,Microsoft Research Asia (China),https://openalex.org/A5044651577
Meeyoung Cha,W4390874351,Korea Advanced Institute of Science and Technology,https://openalex.org/A5061810530
Wenshu Fan,W4396982204,University of Electronic Science and Technology of China,https://openalex.org/A5097740375
Meng Hao,W4396982204,University of Electronic Science and Technology of China,https://openalex.org/A5078359928
Xiangshan Gao,W4283361424;W3113251160,Zhejiang University,https://openalex.org/A5045161763
Shouling Ji,W4283361424;W3113251160;W3036148123;W4414348474,Zhejiang University,https://openalex.org/A5058611515
Peng Cheng,W4283361424;W3113251160,Zhejiang University,https://openalex.org/A5051951845
Linkun Fan,W4390187915;W7167482655,Wuhan University,https://openalex.org/A5084161986
Fazhi He,W4390187915,Wuhan University,https://openalex.org/A5100660581
Tongzhen Si,W4390187915,Wuhan University,https://openalex.org/A5057635087
Rubin Fan,W4390187915,Wuhan University,https://openalex.org/A5102535240
Chuanlong Ye,W4390187915,Wuhan University,https://openalex.org/A5001257337
Bing Li,W4390187915,Wuhan University,https://openalex.org/A5100451253
Daizong Ding,W4289533826,Fudan University,https://openalex.org/A5014216659
Mi Zhang,W4289533826;W4402288732,Fudan University,https://openalex.org/A5101652939
Yuanmin Huang,W4289533826,Fudan University,https://openalex.org/A5071959369
Xudong Pan,W4289533826;W4402288732,Fudan University,https://openalex.org/A5074846459
Fuli Feng,W4289533826,University of Science and Technology of China,https://openalex.org/A5051925942
Erling Jiang,W4289533826,Fudan University,https://openalex.org/A5075978061
Min Yang,W4289533826;W4402288732,Fudan University,https://openalex.org/A5052437722
Jiaming Zhang,W4386071958;W4382449549;W3176890135,Beijing Jiaotong University,https://openalex.org/A5100453782
Qi Yi,W4386071958;W4382449549,Beijing Jiaotong University,https://openalex.org/A5101413852
Jitao Sang,W4386071958;W4382449549;W4408182524;W3176890135;W4395455145;W4415049231,Beijing Jiaotong University,https://openalex.org/A5023834030
Yu–Gang Jiang,W4386071958;W4413966860;W3121355610,Fudan University,https://openalex.org/A5047962986
Changsheng Xu,W4386071958,Chinese Academy of Sciences,https://openalex.org/A5101552487
Mohammad Sabokrou,W4402727728,Okinawa Institute of Science and Technology Graduate University,https://openalex.org/A5012207220
Wei Jiang,W4294982857;W4408998867,University of Electronic Science and Technology of China,https://openalex.org/A5101460603
Xiangyu Wen,W4294982857;W4408998867,University of Electronic Science and Technology of China,https://openalex.org/A5054813950
Jinyu Zhan,W4294982857;W4408998867,University of Electronic Science and Technology of China,https://openalex.org/A5082893987
Xupeng Wang,W4294982857,University of Electronic Science and Technology of China,https://openalex.org/A5018927991
Ziwei Song,W4294982857,University of Electronic Science and Technology of China,https://openalex.org/A5019374620
Chen Bian,W4294982857,University of Electronic Science and Technology of China,https://openalex.org/A5047808228
Xu Sun,W4385573287,Peking University,https://openalex.org/A5111863979
Bingxu Mu,W4386071506,Xi'an Jiaotong University,https://openalex.org/A5020975592
Zhenxing Niu,W4386071506;W4395056508,Xidian University,https://openalex.org/A5113948735
Qiguang Mia,W4386071506,Xidian University,https://openalex.org/A5092675597
Hong Zhu,W4384948583;W4414603391,Chinese Academy of Sciences,https://openalex.org/A5103837552
Kaidi Jin,W4288391221,Xi'an Jiaotong University,https://openalex.org/A5006308815
Chao Shen,W4288391221;W4416148980,Xi'an Jiaotong University,https://openalex.org/A5101843177
Ming Fan,W4288391221,Chongqing University,https://openalex.org/A5100692958
Chenhao Lin,W4288391221;W4416148980,Xi'an Jiaotong University,https://openalex.org/A5046723920
Ting Liu,W4288391221,Xi'an Jiaotong University,https://openalex.org/A5101554099
Yinghao Wu,W4388838066,Nanjing University of Aeronautics and Astronautics,https://openalex.org/A5072973227
Shifeng Ni,W4388838066,Nanjing University of Aeronautics and Astronautics,https://openalex.org/A5060434363
Yuyao Sun,W4395056508,Xidian University,https://openalex.org/A5114859590
Qiguang Miao,W4395056508,Xidian University,https://openalex.org/A5103213763
Zizhen Liu,W4400075150,Chinese Academy of Sciences,https://openalex.org/A5103202637
Jing Ye,W4400075150,Chinese Academy of Sciences,https://openalex.org/A5100394414
Huawei Li,W4400075150,Chinese Academy of Sciences,https://openalex.org/A5100768288
Xiaowei Li,W4400075150,Chinese Academy of Sciences,https://openalex.org/A5023380073
Rongfang Bie,W4400188454,Beijing Normal University,https://openalex.org/A5030902303
Jinxiu Jiang,W4400188454,Beijing Normal University,https://openalex.org/A5053956835
Yu Guo,W4400188454,Beijing Normal University,https://openalex.org/A5021523270
Yinbin Miao,W4400188454;W4412971470;W7151306065,Xidian University,https://openalex.org/A5102885964
Zihao Xiao,W3138646989,Guangzhou Experimental Station,https://openalex.org/A5065750423
Chengkun Wei,W4386270217,Zhejiang University,https://openalex.org/A5006624972
Wenlong Meng,W4386270217,Zhejiang University,https://openalex.org/A5032995108
Zhikun Zhang,W4386270217,Zhejiang University,https://openalex.org/A5100746182
Minghu Zhao,W4386270217,Zhejiang University,https://openalex.org/A5068853349
Zihui Zhang,W4386270217,Zhejiang University,https://openalex.org/A5102008204
Wenzhi Chen,W4386270217,Zhejiang University,https://openalex.org/A5101562847
Huaibing Peng,W4390577972;W4386880702,Nanjing University of Science and Technology,https://openalex.org/A5103240401
Huming Qiu,W4390577972;W4405183017;W4402288732,Nanjing University of Science and Technology,https://openalex.org/A5039324800
Honglong Chen,W4400579908;W4409002518;W4396877670;W4399450490;W4400034759,"China University of Petroleum, East China",https://openalex.org/A5005165463
Yudong Gao,W4400579908;W4409002518;W4399808266;W4396877670;W4403623219;W4399450490;W4400034759,"China University of Petroleum, East China",https://openalex.org/A5101218044
Anqing Zhang,W4400579908,"China University of Petroleum, East China",https://openalex.org/A5101616378
Peng Sun,W4400579908;W4403623219,Hunan University,https://openalex.org/A5089450416
Nan Jiang,W4400579908,East China Jiaotong University,https://openalex.org/A5008181744
Weifeng Liu,W4400579908,"China University of Petroleum, East China",https://openalex.org/A5100444156
Yuhao Bian,W4402041560,Dalian University of Technology,https://openalex.org/A5003381743
Shengjing Tian,W4402041560,China University of Mining and Technology,https://openalex.org/A5084435909
Xiuping Liu,W4402041560,Dalian University of Technology,https://openalex.org/A5100645085
Wen Yin,W4402660152,Huazhong University of Science and Technology,https://openalex.org/A5102658991
Jian Lou,W4402660152;W4285428780;W4406857468,Zhejiang University,https://openalex.org/A5041918034
Pan Zhou,W4402660152;W4285428780,Huazhong University of Science and Technology,https://openalex.org/A5100693198
Yulai Xie,W4402660152,Huazhong University of Science and Technology,https://openalex.org/A5051731173
Dan Feng,W4402660152,Wuhan National Laboratory for Optoelectronics,https://openalex.org/A5102658992
Yuhua Sun,W4402660152;W4285428780,Huazhong University of Science and Technology,https://openalex.org/A5108009600
Tailai Zhang,W4402660152;W4285428780,Huazhong University of Science and Technology,https://openalex.org/A5006901308
Zhongqi Wang,W4404725244;W4417427582,Chinese Academy of Sciences,https://openalex.org/A5035942632
Jie Zhang,W4404725244;W4417427582,Chinese Academy of Sciences,https://openalex.org/A5010618416
Shiguang Shan,W4404725244;W4417427582,Chinese Academy of Sciences,https://openalex.org/A5050297728
Xilin Chen,W4404725244;W4417427582,Chinese Academy of Sciences,https://openalex.org/A5083420537
Haipeng Peng,W4386634675;W4409640599,Beijing University of Posts and Telecommunications,https://openalex.org/A5016214742
Shuang Bao,W4386634675,Beijing University of Posts and Telecommunications,https://openalex.org/A5070992149
Lixiang Li,W4386634675,Beijing University of Posts and Telecommunications,https://openalex.org/A5100734103
Xiao Yang,W4392172243,Shanghai Jiao Tong University,https://openalex.org/A5101972163
Gaolei Li,W4392172243;W4408323506,Shanghai Jiao Tong University,https://openalex.org/A5007267530
Xiaoyi Tao,W4392172243,Dalian Maritime University,https://openalex.org/A5056756764
Jianhua Li,W4392172243,Shanghai Jiao Tong University,https://openalex.org/A5110670970
Feng Xu,W4393158745,Nanjing University,https://openalex.org/A5004418846
Qiang Liu,W4403977061,Xiangtan University,https://openalex.org/A5100716586
Yanlong Qiu,W4403977061,National University of Defense Technology,https://openalex.org/A5019512392
Tongqing Zhou,W4403977061;W4389144521,National University of Defense Technology,https://openalex.org/A5044528861
Ming Xu,W4403977061,National University of Defense Technology,https://openalex.org/A5026694481
Fan Zhang,W4403977061,National University of Defense Technology,https://openalex.org/A5100403518
Zhiping Cai,W4403977061;W4389144521,National University of Defense Technology,https://openalex.org/A5006334685
Ling‐Yu Duan,W4404810593,Peking University,https://openalex.org/A5024879728
Teng Huang,W4376139366,Guangzhou University,https://openalex.org/A5010660404
Hongyang Yan,W4376139366,Guangzhou University,https://openalex.org/A5055842190
Lishan Ke,W4376139366,Guangzhou University,https://openalex.org/A5044661002
Weixuan Tang,W4376139366,Guangzhou University,https://openalex.org/A5011972758
Rubing Xue,W4394585858,Shandong University of Science and Technology,https://openalex.org/A5101333303
Chao Liu,W4394585858,Ocean University of China,https://openalex.org/A5100362891
Lukun Wang,W4394585858,Shandong University of Science and Technology,https://openalex.org/A5101572893
Lingxin Jin,W4408998867,University of Electronic Science and Technology of China,https://openalex.org/A5044207082
Xingzhi Zhou,W4408998867,University of Electronic Science and Technology of China,https://openalex.org/A5101756360
Jiaming He,W4413786017,University of Electronic Science and Technology of China,
Rui Zhang,W4413786017,University of Electronic Science and Technology of China,https://openalex.org/A5100422102
Chen Chen,W4401212199,Zhejiang Gongshang University,https://openalex.org/A5100418451
Haibo Hong,W4401212199;W4409223199,Zhejiang Gongshang University,https://openalex.org/A5083588975
Tao Xiang,W4401212199,Chongqing University,https://openalex.org/A5079461118
Mande Xie,W4401212199,Zhejiang Gongshang University,https://openalex.org/A5100660299
Hong Sun,W4403094518,University of Science and Technology of China,https://openalex.org/A5114833394
Beihao Xia,W4403094518;W4417251792,Huazhong University of Science and Technology,https://openalex.org/A5028632571
Xue Rui,W4403094518,Nanjing University of Information Science and Technology,https://openalex.org/A5103655695
Wei Zhang,W4403094518,University of Science and Technology of China,
Qinglang Guo,W4403094518,China Academy of Information and Communications Technology,https://openalex.org/A5072389850
Zhangjie Fu,W4403094518;W4412625426,Nanjing University of Information Science and Technology,https://openalex.org/A5066341740
Haomiao Yang,W4405741930;W4312803479,University of Electronic Science and Technology of China,https://openalex.org/A5048390686
Yongjie Xu,W4411454352,ShanghaiTech University,https://openalex.org/A5102202439
Fu Song,W4411454352,Nanjing Institute of Technology,https://openalex.org/A5027425633
Yuqi Chen,W4411454352,ShanghaiTech University,https://openalex.org/A5026181425
Yanxin Yang,W4416549605,East China Normal University,https://openalex.org/A5100965242
Pengyu Zhang,W4416549605,East China Normal University,https://openalex.org/A5102795710
Yusheng Guo,W4387968566,Fudan University,https://openalex.org/A5074481036
Nan Zhong,W4387968566,Fudan University,https://openalex.org/A5060167465
Zhenxing Qian,W4387968566,Fudan University,https://openalex.org/A5036715206
Xinpeng Zhang,W4387968566,Fudan University,https://openalex.org/A5101889358
Hanfeng Xia,W4409223199,Zhejiang Gongshang University,https://openalex.org/A5109737648
Yiru Sun,W4409223199,Zhejiang Gongshang University,https://openalex.org/A5083271889
Hao Ding,W4409223199,Zhejiang Gongshang University,https://openalex.org/A5011300626
Haiyan Zhang,W4412971470,Xidian University,
Xinghua Li,W4412971470,Xidian University,https://openalex.org/A5100626958
S.W. Yuan,W4412971470,Xidian University,https://openalex.org/A5063026980
Mengyao Zhu,W4412971470;W7160142908,Xidian University,https://openalex.org/A5103062985
Weijie Zhao,W3201941857,Baidu (China),https://openalex.org/A5075541712
Jinwen Xin,W4315705628;W4402352499,Xidian University,https://openalex.org/A5062774626
Xixiang Lyu,W4315705628;W3121478722;W3123680815,Xidian University,https://openalex.org/A5110729471
Jing Ma,W4315705628;W4403791880,Xidian University,https://openalex.org/A5040179664
Chang Yue,W4387185380,Chinese Academy of Sciences,https://openalex.org/A5114860602
Peizhuo Lv,W4387185380,Chinese Academy of Sciences,https://openalex.org/A5046057883
Ruigang Liang,W4387185380,Chinese Academy of Sciences,https://openalex.org/A5072373338
Yang Jin,W4312603603,Peking University,https://openalex.org/A5101574528
Yadong Mu,W4312603603;W3191777533;W3163760706,Peking University,https://openalex.org/A5028877572
Zichuan Xu,W4285428780,Dalian University of Technology,https://openalex.org/A5063489530
Yining Mao,W4283807635,Zhejiang University,https://openalex.org/A5104141596
Jie Song,W4283807635,Zhejiang University,https://openalex.org/A5047371218
Cheng Jin,W4283807635,Fudan University,https://openalex.org/A5100625873
Mingli Song,W4283807635,Zhejiang University,https://openalex.org/A5026532752
Xiaochun Cao,W4393161233;W4393079043;W4415707806,Sun Yat-sen University,https://openalex.org/A5068837264
Zhihao Yue,W4387968618,East China Normal University,https://openalex.org/A5003720636
Zhiwei Ling,W4387968618,East China Normal University,https://openalex.org/A5010967874
Peng Liu,W4312291044,Guangxi Normal University,https://openalex.org/A5100346885
Shuyi Zhang,W4312291044,Guangxi Normal University,https://openalex.org/A5100602366
Chuanjian Yao,W4312291044,Guangxi Normal University,https://openalex.org/A5062105888
Wenzhe Ye,W4312291044,Guangxi Normal University,https://openalex.org/A5026777964
Xianxian Li,W4312291044,Guangxi Normal University,https://openalex.org/A5037037839
Luyao Chen,W4328028655;W7151306065,Chinese Academy of Sciences,https://openalex.org/A5085539729
Na Yan,W4328028655,Chinese Academy of Sciences,https://openalex.org/A5003611668
Boyang Zhang,W4328028655,Chinese Academy of Sciences,https://openalex.org/A5100677423
Zhaoyang Wang,W4328028655,Chinese Academy of Sciences,https://openalex.org/A5100356534
Wen Yu,W4328028655,Chinese Academy of Sciences,https://openalex.org/A5008201587
Yanfei Hu,W4328028655,Chinese Academy of Sciences,https://openalex.org/A5029966401
Hui Wei,W4387968635,Wuhan University,https://openalex.org/A5101529425
Hanxun Yu,W4387968635,Wuhan University,https://openalex.org/A5051594448
Kewei Zhang,W4387968635,Wuhan University,https://openalex.org/A5073036566
Zhixiang Wang,W4387968635,Wuhan University,https://openalex.org/A5100700404
Jianke Zhu,W4387968635,Zhejiang University of Science and Technology,https://openalex.org/A5062252650
Zheng Wang,W4387968635,Wuhan University,https://openalex.org/A5100401164
Yalun Wu,W4389085798;W4405399838;W4412094158;W4413645889,Beijing Jiaotong University,https://openalex.org/A5074589029
Yanfeng Gu,W4389085798,Beijing Jiaotong University,https://openalex.org/A5034748006
Yuanwan Chen,W4389085798;W4412094158,Beijing Jiaotong University,https://openalex.org/A5033817796
Xiaoshu Cui,W4389085798;W4412094158;W4413645889,Beijing Jiaotong University,https://openalex.org/A5111270853
Qiong Li,W4389085798,Beijing Jiaotong University,https://openalex.org/A5100358436
Yingxiao Xiang,W4389085798;W4405399838,Chinese Academy of Sciences,https://openalex.org/A5049446052
Endong Tong,W4389085798;W4401038834,Beijing Jiaotong University,https://openalex.org/A5085778638
Zhen Han,W4389085798;W4405399838,Beijing Jiaotong University,https://openalex.org/A5059369429
Jiqiang Liu,W4389085798;W4405399838;W4401038834;W4412094158;W4413645889,Beijing Jiaotong University,https://openalex.org/A5070828650
Hanqi Sun,W4389180918,Jilin University,https://openalex.org/A5101027221
Ziyu Sun,W4389180918,Jilin University,https://openalex.org/A5100551294
Mingsheng Cao,W4389180918;W4406466024,University of Nottingham Ningbo China,https://openalex.org/A5088153559
Wenbin Liu,W4389180918,Jilin University,https://openalex.org/A5100373255
Daizong Liu,W4407638659,Peking University,https://openalex.org/A5078220957
Wei Hu,W4407638659,Peking University,https://openalex.org/A5059045087
Yuan Xun,W4393079043;W4415707806,Chinese Academy of Sciences,https://openalex.org/A5094220601
Xiao Yang,W4408323506,Shanghai Jiao Tong University,
Jianhua Li,W4408323506,Shanghai Jiao Tong University,
Yongkang Wang,W4388739459,Beijing Institute of Technology,https://openalex.org/A5109602541
Di‐Hua Zhai,W4388739459,Beijing Institute of Technology,https://openalex.org/A5078047051
Yuanqing Xia,W4388739459,Beijing Institute of Technology,https://openalex.org/A5064231378
Danyang Liu,W4388739459,Beijing Institute of Technology,https://openalex.org/A5100754460
Xue Yang,W4408352149,University of Electronic Science and Technology of China,https://openalex.org/A5014900230
Tao Chen,W4408352149,University of Electronic Science and Technology of China,https://openalex.org/A5100681184
Lei Guo,W4408352149,University of Electronic Science and Technology of China,https://openalex.org/A5022790312
Ji Guo,W4408352149;W4408324270;W4417073179,University of Electronic Science and Technology of China,https://openalex.org/A5017191320
Jiaming He,W4408352149,University of Electronic Science and Technology of China,https://openalex.org/A5101721206
Wassim Hamidouche,W4408355329,Khalifa University of Science and Technology,https://openalex.org/A5084205574
Paul Montague,W4408566142,Defence Science and Technology Group,https://openalex.org/A5024595046
Tamas Abraham,W4408566142,Defence Science and Technology Group,https://openalex.org/A5077639290
Yujia Zhu,W4410243341;W4404096531,Guizhou Normal University,https://openalex.org/A5101958458
Ruoxi Wang,W4410243341;W4404096531,Guizhou Normal University,https://openalex.org/A5101902621
Daoxun Xia,W4410243341;W4404096531,Guizhou Normal University,https://openalex.org/A5035484030
Jianhua Dai,W4410920066,China University of Political Science and Law,https://openalex.org/A5079706175
Qiuhua Wang,W4412081664;W7134246657,Hangzhou Dianzi University,https://openalex.org/A5045262050
Yifan Hu,W4412081664,Hangzhou Dianzi University,https://openalex.org/A5041184605
Xiyuan Jia,W4412081664;W7134246657,Hangzhou Dianzi University,https://openalex.org/A5059919326
Guohua Wu,W4412081664,Hangzhou Dianzi University,
Yizhi Ren,W4412081664,Hangzhou Dianzi University,https://openalex.org/A5100614965
Gaoning Pan,W4412081664,Hangzhou Dianzi University,https://openalex.org/A5031848612
Yanyu Cheng,W4412081664,Hangzhou Dianzi University,https://openalex.org/A5073957898
Cunqiao Hou,W4308237656,Dalian Minzu University,https://openalex.org/A5070196338
Qiule Sun,W4308237656,Dalian University of Technology,https://openalex.org/A5032600929
Wei Wang,W4308237656,Dalian Minzu University,https://openalex.org/A5100392130
Jianxin Zhang,W4308237656,Dalian Minzu University,https://openalex.org/A5100413537
Rui Jiang,W4388020411,Shanghai Maritime University,https://openalex.org/A5021825605
Jiatao Li,W4388020411,Shanghai Maritime University,https://openalex.org/A5076130502
Weifeng Bu,W4388020411,Shanghai Maritime University,https://openalex.org/A5113033096
Chongqing Chen,W4388020411,Shanghai Maritime University,https://openalex.org/A5039492436
Yier Wei,W4362471971,Xidian University,https://openalex.org/A5038642274
Haichang Gao,W4362471971,Xidian University,https://openalex.org/A5086029723
Yufei Wang,W4362471971,Xidian University,https://openalex.org/A5100374831
Yipeng Gao,W4362471971,Xidian University,https://openalex.org/A5081437968
Huan Liu,W4362471971,Xidian University,https://openalex.org/A5100338946
Zonghao Ying,W4382893141;W4367548829,Chinese Academy of Sciences,https://openalex.org/A5020945039
Bin Wu,W4382893141;W4367548829,Chinese Academy of Sciences,https://openalex.org/A5022894420
Li Li,W4308061333,Shanghai University,https://openalex.org/A5100361413
Yunfan Yang,W4382449549,Beijing Jiaotong University,https://openalex.org/A5100314060
Huiwen Dong,W4382449549;W3176890135,Beijing Normal University,https://openalex.org/A5012982390
Jian Yu,W4382449549;W3176890135,Beijing Jiaotong University,https://openalex.org/A5054925527
Mouke Mo,W4392375226,South China Agricultural University,https://openalex.org/A5094048421
Chuntao Wang,W4392375226,South China Agricultural University,https://openalex.org/A5064383463
Shan Bian,W4392375226,South China Agricultural University,https://openalex.org/A5089528037
Yue Zhao,W4393146551,Chinese Academy of Sciences,https://openalex.org/A5041285904
Congyi Li,W4393146551,Chinese Academy of Sciences,https://openalex.org/A5101322824
Kai Chen,W4393146551,Chinese Academy of Sciences,https://openalex.org/A5100664328
Yanyan Xu,W4404190623,Wuhan University,https://openalex.org/A5009029522
Yige Li,W4413966860,Fudan University,
Peihao Li,W4385301073,Southeast University,https://openalex.org/A5044391608
Shuaishuai Zhang,W4385301073,Southeast University,https://openalex.org/A5086543250
Chunyang Qi,W4385301073,Southeast University,https://openalex.org/A5066530788
Chuang Liang,W4385301073,Southeast University,https://openalex.org/A5103088506
Yonghao Tang,W4389144521,National University of Defense Technology,https://openalex.org/A5072932160
Qiang Liu,W4389144521,National University of Defense Technology,https://openalex.org/A5100409523
Qiang Ni,W4389144521,National University of Defense Technology,https://openalex.org/A5069951778
Junjie Sun,W4402288732,Fudan University,https://openalex.org/A5114222091
Qiong Li,W4405399838;W4401038834;W4412094158;W4413645889,Beijing Jiaotong University,https://openalex.org/A5084180297
Jinkai Zheng,W4405399838,Xi'an Jiaotong University,https://openalex.org/A5036007592
Xingyu Wu,W4405399838;W4401038834,Beijing Jiaotong University,https://openalex.org/A5046292480
Wenjia Niu,W4405399838,Beijing Jiaotong University,https://openalex.org/A5037200751
Dong Shu,W4405816595,Northwestern University,https://openalex.org/A5100938790
B.V.A. Rao,W4406466024,Hangzhou City University,https://openalex.org/A5049361130
Guiqin Zhu,W4406466024,University of Electronic Science and Technology of China,https://openalex.org/A5101060579
Qiaolong Ding,W4406466024,University of Electronic Science and Technology of China,https://openalex.org/A5111260421
Dajiang Chen,W4406466024,University of Electronic Science and Technology of China,https://openalex.org/A5114125431
Feiping Wang,W4406466024,China University of Mining and Technology,https://openalex.org/A5014388368
Wenbo Jiang,W4408324270;W4407693487;W4414535368,University of Electronic Science and Technology of China,https://openalex.org/A5006912201
Guoming Lu,W4408324270,University of Electronic Science and Technology of China,https://openalex.org/A5000444026
Baoyuan Wu,W4410125919;W3093403688,"Chinese University of Hong Kong, Shenzhen",https://openalex.org/A5068027800
Hongrui Chen,W4410125919,"Chinese University of Hong Kong, Shenzhen",https://openalex.org/A5002810045
Mingda Zhang,W4410125919,"Chinese University of Hong Kong, Shenzhen",https://openalex.org/A5101995242
Zihao Zhu,W4410125919,"Chinese University of Hong Kong, Shenzhen",https://openalex.org/A5101190196
Shaokui Wei,W4410125919,"Chinese University of Hong Kong, Shenzhen",https://openalex.org/A5113070845
Danni Yuan,W4410125919,"Chinese University of Hong Kong, Shenzhen",https://openalex.org/A5023267854
Mingli Zhu,W4410125919,"Chinese University of Hong Kong, Shenzhen",https://openalex.org/A5120017279
Ruotong Wang,W4410125919,"Chinese University of Hong Kong, Shenzhen",https://openalex.org/A5014621529
Chao Shen,W4410125919,Xi'an Jiaotong University,https://openalex.org/A5064997871
Xinwei Liu,W4415707806,Chinese Academy of Sciences,https://openalex.org/A5026788605
Jun Chen,W4415707806,Sun Yat-sen University,https://openalex.org/A5100450141
Tao Xiao,W4313289082,Northwestern Polytechnical University,https://openalex.org/A5100600705
Xinyang Deng,W4313289082,Northwestern Polytechnical University,https://openalex.org/A5067532429
Wen Jiang,W4313289082,Northwestern Polytechnical University,https://openalex.org/A5101555620
Liepiao Zhang,W4404132177,Vision Medicals (China),https://openalex.org/A5057327129
Yongjian Hu,W4404132177,South China University of Technology,https://openalex.org/A5102772000
Ziqi Zhou,W4412748153,Huazhong University of Science and Technology,https://openalex.org/A5078928722
Menghao Deng,W4412748153,Huazhong University of Science and Technology,https://openalex.org/A5101243560
Yufei Song,W4412748153,Huazhong University of Science and Technology,https://openalex.org/A5106439087
Hangtao Zhang,W4412748153,Huazhong University of Science and Technology,https://openalex.org/A5036365195
Minghui Li,W4412748153,Huazhong University of Science and Technology,https://openalex.org/A5100400052
Dezhong Yao,W4412748153,Huazhong University of Science and Technology,https://openalex.org/A5018644308
Wenmin Chen,W4404115489;W4406721344,Ocean University of China,https://openalex.org/A5049057309
Xiaowei Xu,W4404115489,Ocean University of China,https://openalex.org/A5101571975
Xiaodong Wang,W4404115489;W4399147143,Ocean University of China,https://openalex.org/A5100382658
Zewen Li,W4404115489,Ocean University of China,https://openalex.org/A5101408584
Yangming Chen,W4404115489;W4406721344,Ocean University of China,https://openalex.org/A5002581913
Weida Xu,W4406634598,Guizhou Normal University,https://openalex.org/A5100857013
Yang Xu,W4406634598,Guizhou Normal University,https://openalex.org/A5100729477
Sicong Zhang,W4406634598;W7117363949,Guizhou Normal University,https://openalex.org/A5101933467
Xiaowei Xu,W4406721344;W4399147143,Ocean University of China,https://openalex.org/A5101468884
Xiaodong Wang,W4406721344,Ocean University of China,
Zewen Li,W4406721344,Ocean University of China,https://openalex.org/A5101408585
Zhang Shuhan,W4407693487,University of Electronic Science and Technology of China,
Yuxin Lu,W4407693487;W4414535368,University of Electronic Science and Technology of China,https://openalex.org/A5032111604
Junwei Li,W4409002518;W4399808266,"China University of Petroleum, East China",https://openalex.org/A5045678705
Junjian Li,W4409002518;W4399808266;W4396877670;W4403623219;W4400034759,"China University of Petroleum, East China",https://openalex.org/A5100741720
Wenjie Wang,W4409002518,"China University of Petroleum, East China",
Jiayi Yu,W4409002518,"China University of Petroleum, East China",https://openalex.org/A5101872220
Jinghan Qiu,W4409002518;W4399808266,"China University of Petroleum, East China",https://openalex.org/A5034065699
Haotian Zhu,W4409640599,Beijing University of Posts and Telecommunications,https://openalex.org/A5114767808
Wei Wu,W4409640599,Shandong Normal University,https://openalex.org/A5010410320
Chaoying Yuan,W4414110935,China Telecom (China),https://openalex.org/A5063090253
Jingpeng Bai,W4414110935,China Telecom (China),https://openalex.org/A5067310940
Shumei Yuan,W4414110935,China Telecom (China),https://openalex.org/A5088985361
Wei Ni,W4414110935,Fudan University,https://openalex.org/A5021527965
Shuai Yuan,W4414535368,University of Electronic Science and Technology of China,https://openalex.org/A5101557177
Rui Zhang,W4414535368,University of Electronic Science and Technology of China,https://openalex.org/A5106445229
Zihan Wang,W4414535368,University of Electronic Science and Technology of China,https://openalex.org/A5100380103
Qiyang Song,W4414535368,Chinese Academy of Sciences,https://openalex.org/A5001892361
Dongxiao Liu,W4414535368,University of Electronic Science and Technology of China,https://openalex.org/A5017433297
Jian‐Kang Chen,W4415312805;W4411584308,Beijing Normal University,https://openalex.org/A5101544074
Haipeng Jiang,W4415312805;W4411584308,Beijing Normal University,https://openalex.org/A5104344103
Yuxin Xi,W4415312805;W4411584308,Beijing Normal University,https://openalex.org/A5100311070
C. H. Li,W4415312805,Beijing Normal University,https://openalex.org/A5048741916
Jing Wang,W4415312805,Beijing Normal University,
Shuai Yuan,W7129048650,University of Electronic Science and Technology of China,https://openalex.org/A5126128609
Rui Zhang,W7129048650,University of Electronic Science and Technology of China,https://openalex.org/A5126108879
Xinyuan Qian,W7129048650,University of Electronic Science and Technology of China,https://openalex.org/A5122932244
Kun Shao,W3208054832,National University of Defense Technology,https://openalex.org/A5056896393
Yu Zhang,W3208054832,National University of Defense Technology,https://openalex.org/A5100433544
Junan Yang,W3208054832,National University of Defense Technology,https://openalex.org/A5076565994
Hui Liu,W3208054832,National University of Defense Technology,https://openalex.org/A5021403424
Xiangkai Yang,W4313167707,Harbin Institute of Technology,https://openalex.org/A5068350092
Wenjian Luo,W4313167707,Harbin Institute of Technology,https://openalex.org/A5001184471
Licai Zhang,W4313167707,Harbin Institute of Technology,https://openalex.org/A5029027592
Zhijian Chen,W4313167707,Harbin Institute of Technology,https://openalex.org/A5100716616
Jiahai Wang,W4313167707,Sun Yat-sen University,https://openalex.org/A5101698803
Huasong Zhou,W4399147143,Ocean University of China,https://openalex.org/A5046877016
Leon Bevan Bullock,W4399147143,Ocean University of China,https://openalex.org/A5024095871
Honglong Chen,W4399808266;W4403623219,"China University of Petroleum, Beijing",https://openalex.org/A5102948836
Yong Xiao,W4402353453,Shanghai Jiao Tong University,https://openalex.org/A5000563958
Jin Ma,W4402353453,Shanghai Jiao Tong University,https://openalex.org/A5000818065
Ping Yi,W4402353453,Shanghai Jiao Tong University,https://openalex.org/A5101382266
Xiuzhen Chen,W4402353453,Shanghai Jiao Tong University,https://openalex.org/A5061185006
Shao-Zhong Guo,W4403623219,China National Petroleum Corporation (China),https://openalex.org/A5032122694
Kai Lin,W4403623219,"China University of Petroleum, East China",https://openalex.org/A5038111153
Yuping Liu,W4403623219,"China University of Petroleum, East China",https://openalex.org/A5100673297
Chan‐Hyun Youn,W4403759836,Korea Advanced Institute of Science and Technology,https://openalex.org/A5045403869
Wen Yin,W4403791926,Huazhong University of Science and Technology,https://openalex.org/A5058029288
Bin Zhu,W4403791926,Microsoft Research Asia (China),https://openalex.org/A5101883857
Yulai Xie,W4403791926,Wuhan National Laboratory for Optoelectronics,https://openalex.org/A5054468864
Pan Zhou,W4403791926,Huazhong University of Science and Technology,https://openalex.org/A5100693194
Dan Feng,W4403791926,Wuhan National Laboratory for Optoelectronics,https://openalex.org/A5057421680
Zhihuan Xing,W4404439277,Beihang University,https://openalex.org/A5109534821
Yuqing Lan,W4404439277,Beihang University,https://openalex.org/A5102978367
Yin Yu,W4404439277,Beijing Electronic Science and Technology Institute,https://openalex.org/A5110847464
Yong Cao,W4404439277,China Electronics Standardization Institute,https://openalex.org/A5103207935
Xiaoyi Yang,W4404439277,Beihang University,https://openalex.org/A5077125315
Yichun Yu,W4404439277,Beijing Electronic Science and Technology Institute,https://openalex.org/A5104192893
Dan Yu,W4404439277,China Electronics Standardization Institute,https://openalex.org/A5012669200
Ruoxi Chen,W4404612882,Zhejiang University of Technology,https://openalex.org/A5103209175
Jinyin Chen,W4404612882,Zhejiang University of Technology,https://openalex.org/A5101758654
Haibin Zheng,W4404612882,Zhejiang University of Technology,https://openalex.org/A5072212265
Xiaoyu Zhang,W4406857468,Xidian University,
Yulin Jin,W4406857468;W4313001991,Xidian University,https://openalex.org/A5036410193
Howell Tong,W4406857468,Xidian University,https://openalex.org/A5109034588
Kai Wu,W4406857468,Xidian University,https://openalex.org/A5037706636
Xiaofeng Chen,W4406857468,Xidian University,
Shangxi Wu,W4408182524;W4395455145;W4415049231,Beijing Jiaotong University,https://openalex.org/A5087050704
Qiuyang He,W4408182524;W4395455145,Beijing Jiaotong University,https://openalex.org/A5100549389
Jian Yu,W4408182524,Beijing Jiaotong University,https://openalex.org/A5002882527
Hongzi Zhu,W4408324888,Shanghai Jiao Tong University,https://openalex.org/A5071050711
Zhenbo Song,W4409156837,Nanjing University of Science and Technology,https://openalex.org/A5090587210
Wenhao Gao,W4409156837,Nanjing University of Science and Technology,https://openalex.org/A5081929109
Zhenyuan Zhang,W4409156837,Nanjing University of Science and Technology,https://openalex.org/A5101825902
Jianfeng Lu,W4409156837,Nanjing University of Science and Technology,https://openalex.org/A5037595310
Kailong Wang,W4415648086,Huazhong University of Science and Technology,https://openalex.org/A5000432413
Meizhen Wang,W4415648086,Huazhong University of Science and Technology,https://openalex.org/A5101544595
Haoyu Wang,W4415648086,Huazhong University of Science and Technology,https://openalex.org/A5059129452
Xinzhe Zhou,W3191777533,Peking University,https://openalex.org/A5102328626
Wenhao Jiang,W3191777533;W3163760706,Tencent (China),https://openalex.org/A5024453719
Sheng Qi,W3191777533,Peking University,https://openalex.org/A5040032951
Peng Zhang,W4285814484,Changchun University of Science and Technology,https://openalex.org/A5101949155
Gang Liu,W4285814484,Changchun University of Science and Technology,https://openalex.org/A5100412474
Zhiyu Chen,W4285814484,Changchun University of Science and Technology,https://openalex.org/A5100625998
Jianwei Guo,W4285814484,Changchun University of Science and Technology,https://openalex.org/A5005556501
Peng Liu,W4285814484,Jilin Province Science and Technology Department,https://openalex.org/A5100346912
Xingbo Hu,W4213079900,Chinese Academy of Sciences,https://openalex.org/A5010197002
Yibing Lan,W4213079900,Chinese Academy of Sciences,https://openalex.org/A5104167537
Guozhu Meng,W4213079900,Chinese Academy of Sciences,https://openalex.org/A5017417068
Bi-Ru Zhu,W4285195959,Tsinghua University,https://openalex.org/A5062041652
Ming Gu,W4285195959,Tsinghua University,https://openalex.org/A5112114826
Yige Li,W3121478722;W3123680815,Xidian University,https://openalex.org/A5101879293
Yisen Wang,W3119278161;W3209100754;W3121355610,Peking University,https://openalex.org/A5101431030
Dongxian Wu,W3209100754;W3200389817,Tsinghua University,https://openalex.org/A5052115680
Guiyu Tian,W3163760706,Peking University,https://openalex.org/A5024163245
Shihao Zhao,W3121355610,Fudan University,https://openalex.org/A5046787369
Lue Tao,W3208049411,Nanjing University of Aeronautics and Astronautics,https://openalex.org/A5049073944
Lei Feng,W3208049411,Chongqing University,https://openalex.org/A5100682348
Sheng-Jun Huang,W3208049411,Nanjing University of Aeronautics and Astronautics,https://openalex.org/A5103204774
Songcan Chen,W3208049411,Nanjing University of Aeronautics and Astronautics,https://openalex.org/A5101596072
Lei Liu,W4412625426,University of Science and Technology of China,https://openalex.org/A5100349476
Bin Li,W4412625426,University of Science and Technology of China,https://openalex.org/A5052002691
"Yang, Yunfan",W3176890135,Beijing Jiaotong University,
Yifan Zhu,W4386880702,Nanjing University of Information Science and Technology,https://openalex.org/A5034415838
Wei Yang,W4386880702,Nanjing University of Information Science and Technology,https://openalex.org/A5100362543
Guohong Wang,W4387091233,Nanjing University of Information Science and Technology,https://openalex.org/A5101933768
Gongxuan Zhang,W4387091233,Nanjing University of Information Science and Technology,https://openalex.org/A5043414541
Tao Wang,W4417073179,University of Electronic Science and Technology of China,
Jiaming He,W4417073179,University of Electronic Science and Technology of China,https://openalex.org/A5023890038
Zihan Wang,W4417073179,University of Electronic Science and Technology of China,
Rui Zhang,W4417073179,University of Electronic Science and Technology of China,https://openalex.org/A5113368675
Jiachen Li,W4417073179,Wuhan University of Technology,https://openalex.org/A5101684253
Yu Wang,W4312803479,University of Electronic Science and Technology of China,https://openalex.org/A5100445368
Jiasheng Li,W4312803479,University of Electronic Science and Technology of China,https://openalex.org/A5100710053
Mengyu Ge,W4312803479,University of Electronic Science and Technology of China,https://openalex.org/A5108276428
Tao Wang,W4313001991,Xidian University,https://openalex.org/A5100453495
Xiaoyu Zhang,W4313001991,Xidian University,https://openalex.org/A5100419413
Chenyang Chen,W4313001991,Xidian University,https://openalex.org/A5102879486
Jiahui Wang,W4386080657,Minzu University of China,https://openalex.org/A5100446916
Dejun Wang,W4386080657,Minzu University of China,https://openalex.org/A5025136044
Shufan Yang,W4388630486;W4392412759,Nanjing University of Science and Technology,https://openalex.org/A5040350578
Qianmu Li,W4388630486;W4392412759,Nanjing University of Science and Technology,https://openalex.org/A5090335612
Zhichao Lian,W4388630486;W4392412759,Nanjing University of Science and Technology,https://openalex.org/A5016645765
Pengchuan Wang,W4388630486;W4392412759,Nanjing University of Science and Technology,https://openalex.org/A5080854999
Jun Hou,W4388630486;W4392412759,Nanjing University of Industry Technology,https://openalex.org/A5027590471
Baolin Zheng,W4388998758,Wuhan University,https://openalex.org/A5065046158
Ya Rao,W4392412759,Nanjing University of Science and Technology,https://openalex.org/A5057513927
Yuqing Zhang,W4396731507,Xidian University,https://openalex.org/A5100401884
Xuan Liu,W4399119905,Hunan University,https://openalex.org/A5100362298
Lei Zhang,W4399450490,Nanjing University of Posts and Telecommunications,https://openalex.org/A5028090195
Kai Lin,W4400034759,"China University of Petroleum, East China",https://openalex.org/A5114182341
Yuping Liu,W4400034759,"China University of Petroleum, East China",https://openalex.org/A5100564738
Jiayin Song,W4401038834,Beijing Jiaotong University,https://openalex.org/A5045686722
Yike Li,W4401038834,Beijing Jiaotong University,https://openalex.org/A5045240151
Yunzhe Tian,W4401038834,Beijing Jiaotong University,https://openalex.org/A5007332382
Wenjia Niu,W4401038834;W4412094158;W4413645889,Beijing Jiaotong University,https://openalex.org/A5047248381
Zhenguo Zhang,W4401038834,Hebei Science and Technology Department,https://openalex.org/A5085371338
Jiangxing Wu,W4402349760,Fudan University,https://openalex.org/A5109432448
Zijie Zhang,W4402349760,Southeast University,https://openalex.org/A5100673890
Chenyu Zhou,W4402349760,Southeast University,https://openalex.org/A5017920487
Guangze Yang,W4402349760,Southeast University,https://openalex.org/A5086835948
Xixiang Lv,W4402352499;W4403791880,Xidian University,https://openalex.org/A5059296628
Yaqi Zhang,W4403061131,University of Electronic Science and Technology of China,https://openalex.org/A5100378919
Yongqing Tang,W4403061131,University of Electronic Science and Technology of China,https://openalex.org/A5110368326
Haohui Sun,W4403791880,Xidian University,https://openalex.org/A5103466697
Yiming Li,W4403791880,Xidian University,https://openalex.org/A5064725095
Jie Li,W4405600203,Shanghai Jiao Tong University,https://openalex.org/A5100679241
Yuliang Lu,W4406102148,National University of Defense Technology,https://openalex.org/A5103269241
Zeshan Pang,W4406102148,National University of Defense Technology,https://openalex.org/A5104268369
Aolin Che,W4408221642,Guangdong Polytechnic Normal University,https://openalex.org/A5053412095
Miaoxia Chen,W4408221642,Hanshan Normal University,https://openalex.org/A5058968827
Cai Guo,W4408221642,Hanshan Normal University,https://openalex.org/A5009959674
Wei Yang,W4408353911,Chongqing University of Posts and Telecommunications,https://openalex.org/A5100677319
Yonghao Yang,W4408353911,Chongqing University of Posts and Telecommunications,https://openalex.org/A5069294224
Bo Liu,W4408353911,Chongqing University of Posts and Telecommunications,https://openalex.org/A5078234650
Bin Xiao,W4408353911,Chongqing University of Posts and Telecommunications,https://openalex.org/A5064113420
Han Yan,W4408721961,China Power Engineering Consulting Group (China),
Hui Xu,W4408721961,China Internet Network Information Center,
Yilun Lyu,W4409156054,Qufu Normal University,
Xu Ma,W4409156054,Qufu Normal University,https://openalex.org/A5100701883
Yuan Ma,W4409156054,Qufu Normal University,https://openalex.org/A5082886782
Yaguan Qian,W4410402215,Zhejiang University of Science and Technology,https://openalex.org/A5057867117
Yaguan Qian,W4410402215,Zhejiang University of Science and Technology,
Boyuan Ji,W4410402215,Zhejiang University of Science and Technology,https://openalex.org/A5104175557
Zejie Lian,W4410402215,Zhejiang University of Science and Technology,https://openalex.org/A5102527335
Renhui Tao,W4410402215,Zhejiang University of Science and Technology,
Yaxin Kong,W4410402215,Zhejiang University of Science and Technology,
Bin Wang,W4410402215,Zhejiang Lab,https://openalex.org/A5106482064
Wei Wang,W4410402215,Xi'an Jiaotong University,https://openalex.org/A5069792429
Xiwen Lu,W4411551621,Peking University,https://openalex.org/A5100708138
Li Yang,W4411551621,Peking University,https://openalex.org/A5100645665
Guibo Luo,W4411551621,Peking University,https://openalex.org/A5057015645
Yuesheng Zhu,W4411551621,Peking University,https://openalex.org/A5100560952
Yu Pan,W4411556364,Shanghai Polytechnic University,https://openalex.org/A5100689288
Jiahao Chen,W4411556364,Shanghai Polytechnic University,https://openalex.org/A5100434472
Lin Wang,W4411556364,Shanghai Polytechnic University,https://openalex.org/A5073484896
Jing Wang,W4411584308,Beijing Normal University,https://openalex.org/A5045289658
Qihuan Li,W4412094158;W4413645889,Beijing Jiaotong University,https://openalex.org/A5067114640
Xiaolin Chang,W4412094158;W4413645889,Beijing Jiaotong University,https://openalex.org/A5024597522
Jianye Mo,W4412878605,Hangzhou Dianzi University,https://openalex.org/A5016621833
Ming Xu,W4412878605,Hangzhou Dianzi University,https://openalex.org/A5041210918
Xiaogang Xing,W4412878605,Hangzhou Dianzi University,https://openalex.org/A5106884197
Wenqian Xu,W4414116920,China Southern Power Grid (China),https://openalex.org/A5101910406
Zhihong Liang,W4414116920,China Southern Power Grid (China),https://openalex.org/A5101454824
Yiwei Yang,W4414116920,China Southern Power Grid (China),https://openalex.org/A5101822454
Ximing Zhang,W4414116920,China Southern Power Grid (China),https://openalex.org/A5043063705
Yixin Jiang,W4414116920,China Southern Power Grid (China),https://openalex.org/A5059085983
Chao Hong,W4414116920,China Southern Power Grid (China),https://openalex.org/A5101459593
Peiming Xu,W4414116920,China Southern Power Grid (China),https://openalex.org/A5013340112
Yunan Zhang,W4414116920,China Southern Power Grid (China),https://openalex.org/A5101827229
Leyu Bi,W4414116920,China Southern Power Grid (China),https://openalex.org/A5076898126
Yuwen Pu,W4414348474,Chongqing University,https://openalex.org/A5072729601
Jiahao Chen,W4414348474,Zhejiang University of Science and Technology,
Chunyi Zhou,W4414348474,Chongqing University,
Zhou Feng,W4414348474,Zhejiang University of Science and Technology,
Qingming Li,W4414348474,Zhejiang University of Science and Technology,
Chunqiang Hu,W4414348474,Chongqing University,https://openalex.org/A5007408033
Yan Cao,W4414448645,Ministry of Education of the People's Republic of China,https://openalex.org/A5054438623
Yadong Wang,W4414799458,Beijing Institute of Technology,https://openalex.org/A5062802890
Zhiwei Zhang,W4414799458,Beijing Institute of Technology,https://openalex.org/A5085548702
Ye Yuan,W4414799458,Beijing Institute of Technology,https://openalex.org/A5100337347
Guoren Wang,W4414799458,Beijing Institute of Technology,https://openalex.org/A5054991337
Yulong Wang,W4415049004,Beijing University of Posts and Telecommunications,https://openalex.org/A5100449211
Yifei Fu,W4415049004,Beijing University of Posts and Telecommunications,
Wenwei Kong,W4415049004,Beijing University of Posts and Telecommunications,
Chang Liu,W4415049004,Beijing University of Posts and Telecommunications,https://openalex.org/A5101456975
Sen Su,W4415049004,Beijing University of Posts and Telecommunications,https://openalex.org/A5036865453
Jinlin Xiao,W4415049231,Beijing Jiaotong University,https://openalex.org/A5113111582
Muhammad Rizwan,W4415153141,University of Science and Technology of China,https://openalex.org/A5100775646
Wang Xingfu,W4415153141,University of Science and Technology of China,
Yi Ke,W4415153141,University of Science and Technology of China,https://openalex.org/A5055685570
Shivanshu Shrivastava,W4415153141,Rajiv Gandhi Institute of Petroleum Technology,https://openalex.org/A5050329667
Zhengqiong Li,W4415482198,Lanzhou University of Technology,https://openalex.org/A5101273562
Jun Zhou,W4415482198,Lanzhou University of Technology,
Zhenyan Luo,W4415647419,Changsha University of Science and Technology,https://openalex.org/A5120168645
F. Li,W4415647419,Changsha University of Science and Technology,https://openalex.org/A5089596159
Jiao Peng,W4415647419,Changsha University of Science and Technology,https://openalex.org/A5046374848
Shiwei Wang,W4416148980,Xi'an Jiaotong University,
Chenyang Zhao,W4416148980,Xi'an Jiaotong University,
Zhengyu Zhao,W4416148980,Xi'an Jiaotong University,https://openalex.org/A5058084433
Zheng Yang,W4416148980,Xi'an Jiaotong University,https://openalex.org/A5029627390
Qian Wang,W4416148980;W4416286273,Wuhan University,https://openalex.org/A5100391116
Xiaohong Guan,W4416148980,Xi'an Jiaotong University,https://openalex.org/A5075845093
Dong Liang,W4416252102,Guangzhou University,https://openalex.org/A5101545461
Keyu Chen,W4416252102,Guangzhou University,https://openalex.org/A5004966418
Changyu Dong,W4416252102,Guangzhou University,https://openalex.org/A5034211796
Wenhan Yao,W4416252348,Xiangtan University,https://openalex.org/A5001927761
Fen Xiao,W4416252348,Xiangtan University,https://openalex.org/A5035423120
Xiarun Chen,W4416252348,Peking University,
Jia Liu,W4416252348,Peking University,https://openalex.org/A5101360689
Yongqiang He,W4416252348,Peking University,https://openalex.org/A5112459328
Weiping Wen,W4416252348,Peking University,https://openalex.org/A5015204786
Yiru Zhao,W4416286273,Wuhan University,https://openalex.org/A5013595393
Yiran Ma,W4416286273,Wuhan University,
Yunjie Ge,W4416286273,Wuhan University,https://openalex.org/A5060410658
Lingchen Zhao,W4416286273,Wuhan University,https://openalex.org/A5030015523
Lei Zhao,W4416286273,Wuhan University,https://openalex.org/A5100671319
Wenhao Lan,W4416337817,University of Chinese Academy of Sciences,https://openalex.org/A5017110406
Yijun Yang,W4416337817,Chinese University of Hong Kong,https://openalex.org/A5101922356
Haihua Shen,W4416337817,University of Chinese Academy of Sciences,https://openalex.org/A5007464765
Shan Li,W4416337817,University of Chinese Academy of Sciences,https://openalex.org/A5100324727
Heng Li,W4417251792,Huazhong University of Science and Technology,https://openalex.org/A5027427522
Bang Wu,W4417251792,Huazhong University of Science and Technology,https://openalex.org/A5101494795
Zhiying Yao,W4417251792,Huazhong University of Science and Technology,https://openalex.org/A5067189569
Cuiying Gao,W4417251792,Jingdong (China),https://openalex.org/A5008919430
Wei Yuan,W4417251792,Huazhong University of Science and Technology,https://openalex.org/A5101957538
Junhong Li,W4417338630,South China University of Technology,https://openalex.org/A5100782051
Yijia Zheng,W4417338630,South China University of Technology,https://openalex.org/A5101750181
Patrick P. K. Chan,W4417338630,South China University of Technology,https://openalex.org/A5031854980
Weida Xu,W7117363949,Guizhou Normal University,https://openalex.org/A5121379227
Yang Xu,W7117363949,Guizhou Normal University,https://openalex.org/A5121391133
Zhenzhi Teng,W7117973222,Qufu Normal University,https://openalex.org/A5121760649
Xu Ma,W7117973222,Qufu Normal University,https://openalex.org/A5100701890
Xiaoyu Zhang,W7117973222,Xidian University,https://openalex.org/A5100419434
Zhen Zhuang,W7123352844,Zhejiang Gongshang University,https://openalex.org/A5146771519
Yijian Ding,W7123352844,Zhejiang Gongshang University,https://openalex.org/A5103096617
Shuyu Zheng,W7123352844,Zhejiang Gongshang University,https://openalex.org/A5102865973
Jun Shao,W7123352844,Zhejiang Gongshang University,https://openalex.org/A5122881459
Donghai Zhu,W7123352844,Zhejiang Gongshang University,https://openalex.org/A5122906927
Huiyan Wang,W7123352844,Zhejiang Gongshang University,https://openalex.org/A5122854304
Youjun Wang,W7125531664,Wuhan University,https://openalex.org/A5127727493
Fangchao Yu,W7125796010,Wuhan University,https://openalex.org/A5041393155
Bo Zeng,W7125796010,Wuhan University,https://openalex.org/A5123954772
Kai Zhao,W7125796010,Wuhan University,https://openalex.org/A5123960585
Zhi Pang,W7125796010,Wuhan University,https://openalex.org/A5123954982
Lina Wang,W7125796010,Wuhan University,https://openalex.org/A5123931271
Chuangliang Zhang,W7125824209,Xiamen University,https://openalex.org/A5124003223
Qingyuan Zeng,W7125824209,Xiamen University,https://openalex.org/A5123945130
Yunpeng Gong,W7125824209,Xiamen University,https://openalex.org/A5123952895
Zhenzhong Wang,W7125824209,Xiamen University,https://openalex.org/A5124024017
Jiajing Lin,W7125824209,Xiamen University,https://openalex.org/A5124022316
Min Jiang,W7125824209,Xiamen University,https://openalex.org/A5124002867
Guanghua Zhang,W7127947064,Hebei University of Science and Technology,https://openalex.org/A5125241293
Xianghong Wang,W7127947064,Hebei University of Science and Technology,https://openalex.org/A5125169263
Hao Liu,W7128422601,Beijing Jiaotong University,https://openalex.org/A5125449753
Renshuai Tao,W7128422601,Beijing Jiaotong University,https://openalex.org/A5125463022
Xianglong Liu,W7128422601,Beihang University,https://openalex.org/A5125451328
Yao Zhao,W7128422601,Beijing Jiaotong University,https://openalex.org/A5125443806
Liming Lu,W7133977435,Nanjing University of Science and Technology,https://openalex.org/A5128185878
Shuchao Pang,W7133977435,Nanjing University of Science and Technology,https://openalex.org/A5125756078
Xiang Gu,W7133977435,Nanjing University of Science and Technology,https://openalex.org/A5103574569
Yunhuai Liu,W7133977435,Peking University,https://openalex.org/A5082653046
Xianglong Liu,W7133977435,Beihang University,https://openalex.org/A5128167031
Yongbin Zhou,W7133977435,Nanjing University of Science and Technology,https://openalex.org/A5128178677
Haojie Shen,W7134246657,Zhejiang Provincial Public Security Department,https://openalex.org/A5128460006
Lin Wang,W7134246657,Zhejiang Provincial Public Security Department,
Lifeng Yuan,W7134246657,Zhejiang Provincial Public Security Department,https://openalex.org/A5128617305
Yizhi Ren,W7134246657,Zhejiang Provincial Public Security Department,https://openalex.org/A5033732842
Shuochao Sun,W7134246657,Zhejiang Zanyu Technology (China),https://openalex.org/A5128382897
Xiaoxiao Chen,W7143484218,Shanghai Electric (China),https://openalex.org/A5130955769
Yi Hu,W7143484218,Shanghai Electric (China),https://openalex.org/A5109125924
Tao Jiang,W7151306065,Xidian University,https://openalex.org/A5133110397
Rui Su,W7151306065,Xidian University,https://openalex.org/A5133090462
Peihan Qi,W7151306065,Xidian University,https://openalex.org/A5058177640
Wenhao Zhang,W7152026821,University of Science and Technology Beijing,https://openalex.org/A5133226268
Lianheng Zou,W7152026821,University of Science and Technology Beijing,https://openalex.org/A5133217075
Yingying Xiong,W7152026821,University of Science and Technology Beijing,https://openalex.org/A5079979171
Peng Shi,W7152026821,University of Science and Technology Beijing,
Xiao He,W7152026821,University of Science and Technology Beijing,https://openalex.org/A5108459503
Guofu Xie,W7155088450,Renmin University of China,https://openalex.org/A5104469547
Yu Zhou,W7155088450,Beijing University of Posts and Telecommunications,https://openalex.org/A5134153976
Bingyan Liu,W7155088450,Beijing University of Posts and Telecommunications,https://openalex.org/A5101497182
Shunjie Yuan,W7160142908,Xidian University,https://openalex.org/A5129551972
Xinghua Li,W7160142908,Xidian University,https://openalex.org/A5135152565
Xuelin Cao,W7160142908,Xidian University,https://openalex.org/A5135214052
Haiyan Zhang,W7160142908,Xidian University,https://openalex.org/A5135245817
Haiyang Yu,W7160188418,Shanghai Jiao Tong University,https://openalex.org/A5135232860
Fan Hong,W7160188418,Shanghai Jiao Tong University,https://openalex.org/A5104292778
Ping Yi,W7160188418,Shanghai Jiao Tong University,https://openalex.org/A5135143379
Y Wu,W7160188418,Shanghai Jiao Tong University,https://openalex.org/A5123489463
Jian Xu,W7160190729,Shandong University of Finance and Economics,https://openalex.org/A5135189964
Xiaolong Li,W7160190729,Beijing Jiaotong University,https://openalex.org/A5135199279
Junchi Chen,W7161561222,University of Science and Technology of China,https://openalex.org/A5078681499
Qi Chu,W7161561222,University of Science and Technology of China,https://openalex.org/A5136401136
Haojie Yuan,W7161561222,University of Science and Technology of China,https://openalex.org/A5034730224
Tao Gong,W7161561222,University of Science and Technology of China,https://openalex.org/A5136377699
Kejun Zhang,W7161561222,Beijing Electronic Science and Technology Institute,https://openalex.org/A5136358042
NengHai Yu,W7161561222,University of Science and Technology of China,https://openalex.org/A5136366652
Dongmei Zhang,W7161561222,Microsoft Research Asia (China),https://openalex.org/A5136400028
Bin Benjamin Zhu,W7161561222,Microsoft Research Asia (China),https://openalex.org/A5136437825
Jue Xiao,W7162341703,Fiberhome Technology Group (China),https://openalex.org/A5072339552
Zhi Lu,W7162341703,Huazhong University of Science and Technology,https://openalex.org/A5088224525
Renfei Shen,W7162341703,Huazhong University of Science and Technology,https://openalex.org/A5084098394
Chunqiang Yu,W7162341703,Guangxi Normal University,https://openalex.org/A5136926937
Zhenjun Tang,W7162341703,Guangxi Normal University,https://openalex.org/A5136987349
Yazhi Liu,W7163926736,North China University of Science and Technology,https://openalex.org/A5138153272
Xingchun Ru,W7163926736,North China University of Science and Technology,https://openalex.org/A5138117969
Xiong Li,W7163926736,University of Electronic Science and Technology of China,https://openalex.org/A5100335132
Wei Li,W7163926736,North China University of Science and Technology,https://openalex.org/A5105729109
Chun Zhou,W7164861993,Southwest Jiaotong University,https://openalex.org/A5138641247
Zhiguo Long,W7164861993,Southwest Jiaotong University,https://openalex.org/A5022455662
Mingxing Zhang,W7164861993,Southwest Jiaotong University,https://openalex.org/A5138676066
Zhengchun Zhou,W7164861993,Southwest Jiaotong University,https://openalex.org/A5004913173
HuaQing Wang,W7167482655,China Internet Network Information Center,https://openalex.org/A5140135586
Aolin Hu,W7167547797,Chongqing University,https://openalex.org/A5140150450
Xin Chen,W7167547797,Chongqing University,https://openalex.org/A5140115663
Abhishek Jain,W7169022163,Deenbandhu Chhotu Ram University of Science and Technology,https://openalex.org/A5140976087
Hui Liu,W7172030722,Central China Normal University,https://openalex.org/A5100387644
Yibo Zhou,W7172030722,Central China Normal University,https://openalex.org/A5144099574
Liguo Dong,W7172030722,Central China Normal University,https://openalex.org/A5144139769
Weidong Li,W7172030722,Wuhan University,https://openalex.org/A5144138723
江厚训,W7172502164,Beijing Jiaotong University,https://openalex.org/A5069870464
Zikai Zhang,W7172502164,Beijing Jiaotong University,https://openalex.org/A5144419833
Ziyi Li,W7172502164,Beijing Jiaotong University,https://openalex.org/A5144428109
Yaoyue Zhang,W7172502164,Beijing Jiaotong University,https://openalex.org/A5144432757
Yidong Li,W7172502164,Beijing Jiaotong University,https://openalex.org/A5010019122
Hongyao Yu,W7197024656,Tsinghua–Berkeley Shenzhen Institute,https://openalex.org/A5109681315
Hao F,W7197024656,Tsinghua–Berkeley Shenzhen Institute,https://openalex.org/A5109393372
Yuxin Peng,W7197024656,South China University of Technology,https://openalex.org/A5145541064
Jiawei Li,W7197024656,Huawei Technologies (China),https://openalex.org/A5108050442
Xin-Shun Xu,W7201841523,Shandong University,https://openalex.org/A5086235570
